path	sha256	role
CosMx_utils.R	e8d16ad3119439f4c257783c92663d61c8b6bfc30f044ad32a781fb89a0c44a0	input
data/CosMx_lung/Lung12_SCE.qs2	c3d398f398e359e31d2a2389523eb35c67e1ff129f753a65c02e9c68b5743b5d	input
data/CosMx_lung/Lung13_SCE.qs2	8f033643a4b764ad6909d7adac85b8f85657f3b73351bfd9c1cdf04be59aad95	input
data/CosMx_lung/Lung5_Rep1_SCE.qs2	7a30ecd1f3ac68358d8b47f5e86a22601f390f3e9fbcc1710f783de8fac5ccb8	input
data/CosMx_lung/Lung5_Rep2_SCE.qs2	558637a5afaa809a0927f0a9816f9e25ee564aea7fc305769b8824c5406f15c1	input
data/CosMx_lung/Lung5_Rep3_SCE.qs2	385f141e715ef084f28e6d9e085b9fada03d42fee256dab4afef8b1db58e5011	input
data/CosMx_lung/Lung6_SCE.qs2	dc4cf20194f2fc086f093191823e3abf52274e860839cb4e112045612daa7218	input
data/CosMx_lung/Lung9_Rep1_SCE.qs2	4829f19ac709abb5045ad8ec0dffba5e45df31105110be76d1f0ccbbc8abe50a	input
data/CosMx_lung/Lung9_Rep2_SCE.qs2	497503565a3c86964caa969990dc8069d82722a03540203985d2fe48f51d187b	input
data/LungFibrosis/endothelial_sce.qs2	5bbaae1820dd640c7f1a064fa2e1b2ab61a45d0a8e69ba546f74969345915ba5	input
data/LungFibrosis/epithelial_sce.qs2	7bd9760fdac40ac19f7e728132b7096fbb554105b88c34d5421e6f9e18e59824	input
data/LungFibrosis/immune_sce.qs2	0b62f7904b665a853a516c17f7c09d8333e344a1b9d472b36e4d9595d02988e9	input
data/LungFibrosis/mesenchymal_sce.qs2	cf566c817152aa04e39030442807a3b84cdc21bd18f607c53031c085798c86d3	input
output/CosMxAllLungsPhiRes4Refs.qs2	2245d0a69c010a0d28bf0222d01e3a81a3a2448d4103329f21c9c71f6c9f5563	input
output/Lung5_Rep1_PhiNiches4Refs.qs2	437dca397ab145f0783b34afc375dc7e166042cbf0b39a6c6335d74754b255dc	cached
output/Lung5_Rep1_PhiSpaceScores4Refs.qs2	fd3135e91ce37703e1d7633c56999287f8a5829fcf0ce1893eb8570fdaff8de9	cached
